noise_rewards,perturbation_rewards
-7759.953796605264,-4434.551418120928
[-7858.43471366518],[-7241.206349396435]
[-4357.975981461611],[-7743.716855095754]
[-7663.295497849881],[-7901.444085518807]
[-8118.9301815847275],[-7828.554151708476]
"[-7584.80748308475, -3840.5075875620796, -7460.315858936726, -7861.306102609049, -7541.33890571855]","[-7514.179581865233, -3519.7626820016026, -7947.5827114948215, -9068.230437492533, -4008.980884820603]"
