noise_rewards,perturbation_rewards
914.0999999999913,907.1999999999932
822.9999999999645,718.899999999942
844.2999999999753,897.69999999998
908.6999999999848,916.6999999999894
913.9999999999923,905.0999999999838
912.0999999999848,835.899999999969
