noise_rewards,perturbation_rewards
-92.8563,-93.70983
-93.03051,-93.28774
-93.17321,-93.265144
-93.52665,-93.44177
-93.078735,-92.90695
-92.03104,-92.67315
-93.05471,-93.67003
-93.28774,-94.168236
-93.52665,-93.00614
-93.14983,-93.05471
